{
    "rmse": 0.6876605806937612,
    "mae": 0.5601574896278312,
    "r2": 0.17960257765426635,
    "alpha": 0.9,
    "l1_ratio": 0.1,
    "validation_score": 17.960257765426636
}