{
    "Train_score": 19.6488904942576,
    "Test_score": 15.124908707707274
}