{
    "Train_score": 18.49168939440219,
    "Test_score": 17.960257765426636
}